feature-1, feature-2, feature-3, class
119, 144, 129, 69, face
113, 141, 125, 52, face
116, 151, 138, 52, face
107, 132, 116, 63, face
100, 151, 119, 86, face
97, 144, 110, 57, face
103, 157, 125, 69, face
53, 192, 100, 57, face
50, 179, 97, 57, face
56, 179, 107, 57, face
75, 210, 125, 92, face
94, 147, 91, 69, face
94, 157, 103, 121, face
56, 192, 116, 98, face
47, 176, 103, 69, face
91, 147, 78, 110, face
110, 163, 78, 173, face
69, 141, 116, 81, face
47, 201, 129, 139, face
50, 201, 113, 150, face
110, 135, 97, 92, face
113, 147, 125, 127, face
113, 144, 100, 81, face
37, 217, 129, 144, face
31, 214, 116, 121, face
37, 214, 116, 104, face
100, 163, 85, 92, face
154, 100, 154, 86, face
154, 88, 135, 23, face
138, 119, 138, 46, face
154, 107, 141, 23, face
147, 113, 125, 34, face
138, 141, 125, 133, face
141, 132, 116, 86, face
147, 132, 122, 81, face
157, 113, 125, 115, face
113, 141, 88, 69, face
110, 154, 110, 75, face
110, 144, 110, 57, face
107, 147, 125, 34, face
107, 138, 147, 69, face
107, 144, 132, 40, face
100, 132, 122, 127, face
103, 135, 144, 133, face
88, 179, 110, 168, face
107, 176, 135, 197, face
107, 179, 116, 197, face
91, 166, 94, 139, face
100, 154, 125, 69, face
116, 173, 144, 144, face
88, 170, 113, 98, face
97, 182, 129, 144, face
138, 122, 62, 17, face
138, 100, 75, 28, face
141, 113, 78, 40, face
129, 116, 62, 11, face
144, 81, 56, 23, face
129, 81, 78, 57, face
144, 170, 173, 92, face
163, 170, 129, 23, face
147, 154, 141, 121, face
151, 163, 163, 34, face
135, 110, 125, 52, face
147, 116, 125, 28, face
116, 129, 141, 0, face
141, 154, 166, 5, face
113, 138, 166, 23, face
110, 97, 147, 23, face
116, 91, 144, 34, face
103, 100, 132, 34, face
116, 107, 113, 133, face
129, 113, 129, 133, face
132, 97, 122, 69, face
135, 81, 116, 86, face
119, 94, 122, 57, face
151, 91, 135, 63, face
141, 91, 122, 98, face
144, 94, 125, 81, face
129, 97, 116, 92, face
157, 91, 135, 92, face
75, 185, 154, 75, face
75, 188, 138, 46, face
75, 182, 144, 34, face
88, 185, 144, 69, face
91, 179, 138, 98, face
97, 173, 138, 81, face
129, 173, 192, 121, face
122, 157, 151, 98, face
107, 163, 188, 144, face
119, 170, 157, 133, face
81, 201, 141, 220, face
107, 188, 157, 133, face
135, 198, 185, 197, face
113, 201, 170, 144, face
116, 192, 170, 133, face
138, 182, 185, 185, face
116, 188, 166, 121, face
129, 182, 151, 144, face
125, 188, 176, 173, face
122, 176, 154, 92, face
122, 188, 147, 133, face
125, 192, 154, 185, face
113, 188, 166, 162, face
163, 170, 163, 86, face
160, 160, 195, 173, face
151, 157, 154, 150, face
154, 179, 170, 208, face
100, 147, 135, 133, face
119, 132, 132, 144, face
110, 138, 125, 86, face
122, 154, 138, 121, face
132, 141, 141, 144, face
135, 147, 97, 133, face
138, 160, 116, 168, face
138, 141, 110, 98, face
135, 135, 113, 104, face
129, 141, 125, 150, face
110, 182, 151, 214, face
97, 176, 160, 185, face
116, 198, 163, 162, face
129, 198, 151, 121, face
125, 188, 160, 156, face
125, 207, 154, 150, face
125, 182, 166, 115, face
157, 195, 185, 191, face
125, 170, 141, 156, face
122, 179, 170, 197, face
135, 160, 129, 98, face
129, 170, 135, 133, face
122, 173, 154, 162, face
179, 119, 144, 92, face
170, 107, 154, 75, face
166, 119, 157, 81, face
173, 125, 144, 110, face
170, 103, 125, 115, face
163, 110, 141, 81, face
47, 217, 138, 139, face
50, 220, 141, 139, face
53, 210, 129, 133, face
40, 220, 135, 98, face
34, 226, 129, 86, face
31, 220, 132, 86, face
53, 214, 129, 92, face
66, 195, 163, 57, face
75, 192, 151, 40, face
66, 198, 170, 98, face
50, 207, 154, 69, face
100, 166, 157, 75, face
100, 157, 157, 81, face
81, 170, 157, 98, face
78, 185, 160, 98, face
59, 192, 138, 63, face
40, 195, 138, 92, face
72, 195, 129, 110, face
69, 192, 116, 127, face
72, 195, 170, 57, face
78, 198, 179, 46, face
59, 192, 154, 63, face
91, 160, 176, 69, face
72, 166, 163, 81, face
94, 192, 195, 63, face
91, 201, 195, 40, face
100, 179, 195, 40, face
94, 201, 182, 98, face
88, 192, 166, 52, face
97, 185, 173, 75, face
53, 210, 122, 139, face
56, 214, 129, 104, face
59, 210, 113, 144, face
72, 198, 125, 139, face
72, 204, 100, 162, face
25, 223, 141, 115, face
31, 223, 147, 150, face
31, 223, 147, 121, face
25, 226, 135, 144, face
28, 226, 138, 133, face
25, 217, 129, 150, face
44, 220, 141, 86, face
44, 207, 138, 86, face
44, 217, 138, 86, face
56, 188, 141, 81, face
50, 192, 132, 86, face
47, 201, 132, 69, face
56, 210, 141, 81, face
53, 201, 129, 75, face
62, 204, 141, 110, face
66, 198, 116, 110, face
37, 223, 132, 98, face
31, 214, 125, 104, face
44, 170, 119, 104, face
44, 179, 125, 81, face
56, 185, 147, 115, face
47, 192, 138, 110, face
37, 214, 138, 133, face
66, 201, 154, 168, face
59, 226, 154, 127, face
59, 232, 157, 144, face
110, 198, 154, 92, face
97, 204, 176, 92, face
91, 201, 160, 75, face
81, 185, 160, 40, face
94, 185, 166, 75, face
88, 204, 163, 69, face
85, 185, 135, 104, face
103, 176, 154, 150, face
103, 188, 160, 115, face
100, 185, 157, 150, face
85, 182, 157, 121, face
91, 173, 160, 98, face
85, 141, 122, 81, face
103, 132, 132, 121, face
91, 132, 116, 104, face
88, 141, 122, 92, face
107, 132, 122, 150, face
125, 129, 116, 185, face
91, 138, 129, 133, face
103, 144, 116, 139, face
110, 135, 113, 156, face
97, 132, 144, 69, face
107, 129, 125, 86, face
94, 214, 204, 139, face
75, 226, 204, 179, face
94, 195, 204, 75, face
91, 188, 217, 86, face
91, 198, 210, 104, face
94, 188, 176, 139, face
88, 182, 160, 150, face
103, 195, 173, 168, face
107, 179, 204, 162, face
97, 182, 210, 162, face
110, 179, 179, 185, face
113, 188, 170, 168, face
113, 198, 192, 197, face
110, 182, 173, 98, face
125, 176, 176, 127, face
116, 179, 192, 179, face
129, 179, 192, 173, face
53, 207, 163, 115, face
44, 210, 166, 144, face
53, 223, 163, 179, face
56, 214, 151, 133, face
56, 217, 141, 156, face
50, 220, 154, 191, face
47, 214, 157, 168, face
75, 198, 132, 144, face
88, 198, 122, 156, face
85, 201, 154, 162, face
100, 160, 113, 179, face
103, 166, 103, 208, face
85, 129, 116, 52, face
78, 135, 119, 40, face
78, 119, 113, 46, face
72, 141, 129, 40, face
97, 141, 125, 46, face
81, 151, 122, 46, face
88, 160, 129, 46, face
72, 154, 135, 40, face
94, 188, 160, 34, face
103, 160, 132, 92, face
91, 144, 125, 86, face
78, 170, 163, 40, face
97, 179, 154, 191, face
100, 138, 163, 162, face
97, 141, 157, 156, face
110, 125, 147, 173, face
88, 185, 166, 144, face
85, 192, 144, 202, face
88, 176, 144, 179, face
125, 144, 188, 202, face
138, 138, 195, 226, face
138, 100, 163, 121, face
147, 110, 182, 139, face
188, 62, 144, 156, face
201, 62, 144, 127, face
185, 56, 138, 150, face
201, 72, 138, 81, face
185, 81, 151, 139, face
192, 75, 144, 144, face
185, 85, 151, 144, face
217, 47, 147, 81, face
210, 34, 147, 98, face
217, 75, 125, 139, face
217, 66, 129, 139, face
160, 119, 154, 162, face
163, 132, 163, 202, face
135, 141, 163, 168, face
154, 144, 179, 231, face
157, 141, 192, 185, face
160, 125, 176, 144, face
173, 91, 141, 75, face
157, 72, 129, 104, face
147, 78, 132, 69, face
163, 69, 129, 46, face
151, 56, 132, 63, face
122, 91, 144, 92, face
125, 78, 138, 81, face
107, 81, 141, 52, face
78, 100, 100, 168, face
81, 72, 91, 115, face
75, 78, 88, 139, face
97, 53, 113, 115, face
185, 94, 176, 81, face
207, 85, 176, 121, face
204, 85, 173, 104, face
192, 81, 160, 139, face
201, 81, 144, 144, face
163, 88, 147, 139, face
166, 75, 141, 179, face
163, 69, 151, 168, face
173, 75, 147, 168, face
176, 75, 147, 185, face
214, 81, 138, 104, face
214, 69, 135, 121, face
223, 62, 141, 86, face
210, 66, 125, 81, face
201, 62, 141, 156, face
132, 75, 141, 69, face
138, 75, 141, 81, face
135, 53, 125, 104, face
160, 72, 135, 115, face
151, 53, 129, 133, face
151, 62, 129, 121, face
160, 53, 138, 150, face
166, 75, 147, 63, face
122, 97, 201, 11, face
91, 91, 182, 17, face
107, 78, 141, 86, face
116, 72, 141, 75, face
129, 69, 144, 133, face
144, 72, 132, 133, face
122, 81, 135, 86, face
116, 69, 129, 144, face
116, 69, 129, 144, face
173, 53, 116, 173, face
132, 72, 110, 127, face
129, 88, 78, 191, face
125, 88, 72, 197, face
141, 72, 81, 185, face
110, 141, 154, 139, face
116, 141, 151, 185, face
122, 141, 157, 191, face
110, 154, 173, 150, face
113, 151, 170, 162, face
141, 107, 185, 81, face
154, 91, 179, 86, face
144, 107, 119, 150, face
151, 113, 129, 127, face
147, 129, 129, 121, face
144, 113, 122, 162, face
170, 119, 135, 121, face
166, 116, 125, 121, face
141, 176, 176, 197, face
135, 160, 185, 197, face
170, 116, 160, 173, face
157, 125, 163, 214, face
166, 81, 119, 156, face
160, 75, 116, 156, face
147, 100, 138, 162, face
122, 69, 94, 139, face
166, 78, 166, 98, face
163, 66, 154, 127, face
170, 62, 151, 121, face
154, 78, 154, 75, face
132, 72, 116, 104, face
132, 69, 113, 98, face
91, 192, 166, 92, face
85, 214, 179, 144, face
91, 176, 122, 173, face
88, 173, 122, 197, face
151, 81, 151, 139, face
166, 75, 157, 139, face
157, 94, 151, 168, face
154, 81, 154, 185, face
166, 85, 144, 208, face
163, 91, 144, 179, face
147, 94, 173, 98, face
157, 72, 170, 127, face
147, 103, 176, 104, face
151, 85, 166, 156, face
154, 72, 151, 139, face
135, 75, 173, 121, face
125, 81, 163, 110, face
129, 69, 170, 144, face
147, 75, 160, 191, face
207, 50, 113, 92, face
217, 44, 110, 92, face
207, 50, 113, 81, face
204, 59, 113, 110, face
214, 53, 107, 92, face
210, 47, 110, 104, face
163, 66, 122, 127, face
166, 75, 151, 104, face
166, 69, 176, 115, face
166, 66, 173, 150, face
151, 94, 170, 156, face
163, 88, 166, 156, face
179, 59, 163, 139, face
166, 75, 170, 139, face
188, 66, 154, 150, face
154, 97, 173, 104, face
173, 88, 176, 133, face
163, 100, 166, 162, face
166, 81, 170, 150, face
160, 91, 170, 144, face
176, 103, 188, 115, face
192, 91, 157, 57, face
179, 78, 166, 104, face
185, 81, 179, 121, face
179, 75, 141, 98, face
179, 69, 144, 156, face
176, 88, 151, 104, face
170, 72, 147, 98, face
188, 53, 141, 110, face
151, 125, 138, 133, face
62, 192, 132, 139, face
62, 204, 129, 162, face
81, 182, 129, 156, face
78, 182, 116, 168, face
78, 192, 113, 191, face
107, 154, 132, 98, face
88, 154, 125, 92, face
122, 151, 154, 81, face
91, 154, 157, 28, face
107, 144, 151, 46, face
69, 182, 135, 156, face
75, 188, 129, 197, face
75, 195, 132, 144, face
69, 198, 132, 144, face
56, 201, 129, 104, face
69, 207, 138, 162, face
103, 166, 116, 110, face
110, 166, 116, 69, face
107, 151, 119, 98, face
110, 141, 119, 86, face
119, 147, 132, 81, face
97, 198, 179, 69, face
91, 201, 198, 92, face
107, 201, 170, 104, face
69, 217, 179, 127, face
138, 144, 192, 133, face
125, 157, 198, 139, face
94, 188, 163, 46, face
97, 179, 182, 86, face
135, 147, 207, 127, face
188, 119, 154, 144, face
144, 157, 210, 156, face
94, 173, 151, 92, face
94, 198, 170, 92, face
100, 179, 160, 81, face
100, 185, 147, 92, face
56, 138, 75, 127, face
75, 151, 100, 52, face
81, 147, 88, 115, face
31, 220, 157, 173, face
34, 242, 151, 197, face
53, 220, 141, 156, face
50, 223, 141, 139, face
50, 226, 144, 162, face
62, 214, 135, 133, face
69, 217, 135, 139, face
85, 173, 144, 144, face
100, 179, 151, 168, face
97, 179, 157, 133, face
85, 214, 163, 144, face
88, 220, 170, 202, face
94, 163, 170, 57, face
94, 173, 163, 23, face
110, 173, 170, 40, face
88, 157, 157, 40, face
18, 185, 135, 98, face
28, 192, 141, 86, face
28, 201, 138, 104, face
25, 192, 125, 110, face
25, 204, 122, 92, face
31, 201, 122, 121, face
135, 81, 195, 28, face
138, 85, 185, 23, face
144, 66, 185, 11, face
135, 69, 185, 0, face
147, 72, 192, 5, face
144, 69, 188, 28, face
91, 144, 122, 121, face
81, 157, 141, 104, face
81, 166, 138, 139, face
75, 182, 147, 92, face
66, 198, 176, 98, face
81, 176, 154, 46, face
75, 176, 154, 63, face
100, 163, 125, 121, face
91, 151, 122, 115, face
97, 185, 151, 75, face
110, 185, 151, 81, face
85, 166, 138, 98, face
100, 173, 144, 104, face
94, 173, 141, 110, face
88, 163, 157, 46, face
66, 160, 160, 57, face
81, 157, 160, 57, face
81, 154, 138, 63, face
88, 160, 144, 63, face
85, 141, 141, 57, face
97, 132, 138, 81, face
103, 147, 135, 156, face
97, 166, 144, 144, face
113, 170, 116, 63, face
110, 176, 119, 81, face
119, 160, 107, 127, face
116, 157, 103, 121, face
116, 154, 116, 98, face
107, 151, 103, 110, face
119, 154, 103, 104, face
119, 160, 103, 110, face
125, 166, 94, 133, face
110, 147, 151, 150, face
81, 135, 129, 115, face
78, 154, 170, 17, face
110, 170, 179, 63, face
107, 188, 179, 121, face
88, 163, 144, 104, face
113, 163, 182, 144, face
103, 138, 154, 150, face
75, 185, 160, 115, face
91, 179, 163, 63, face
116, 157, 147, 92, face
100, 154, 147, 81, face
100, 166, 160, 110, face
110, 173, 157, 115, face
147, 88, 141, 92, face
157, 81, 147, 86, face
113, 179, 210, 69, face
125, 147, 173, 104, face
97, 179, 176, 69, face
91, 192, 179, 75, face
107, 226, 185, 98, face
113, 220, 188, 104, face
103, 229, 192, 110, face
119, 138, 176, 46, face
119, 135, 179, 52, face
116, 157, 179, 63, face
110, 163, 182, 69, face
113, 154, 179, 57, face
116, 163, 170, 110, face
119, 170, 173, 75, face
116, 113, 113, 52, face
125, 107, 113, 46, face
122, 107, 110, 46, face
119, 116, 113, 69, face
125, 116, 113, 57, face
116, 116, 119, 63, face
94, 157, 185, 127, face
94, 179, 192, 144, face
91, 179, 192, 127, face
135, 78, 173, 0, face
129, 91, 160, 57, face
122, 88, 157, 46, face
125, 94, 163, 46, face
107, 204, 163, 115, face
97, 207, 170, 104, face
97, 214, 173, 127, face
147, 107, 154, 23, face
141, 107, 166, 17, face
132, 119, 160, 17, face
75, 179, 97, 104, face
135, 72, 176, 0, face
75, 185, 100, 115, face
62, 185, 97, 121, face
129, 100, 138, 63, face
135, 110, 138, 63, face
116, 119, 138, 63, face
170, 62, 144, 63, face
170, 66, 147, 63, face
157, 81, 157, 63, face
91, 210, 141, 168, face
97, 214, 154, 144, face
135, 85, 176, 0, face
97, 223, 157, 150, face
144, 107, 160, 57, face
147, 107, 151, 57, face
28, 220, 125, 92, face
37, 226, 129, 86, face
22, 236, 125, 104, face
116, 207, 223, 173, face
119, 220, 226, 191, face
116, 220, 223, 168, face
151, 204, 217, 197, face
141, 226, 226, 197, face
119, 182, 220, 81, face
144, 62, 141, 23, face
141, 220, 220, 185, face
69, 220, 116, 121, face
66, 214, 110, 115, face
66, 220, 113, 121, face
75, 210, 113, 115, face
78, 217, 113, 121, face
69, 220, 113, 121, face
116, 94, 103, 0, face
116, 94, 110, 0, face
113, 107, 100, 0, face
151, 107, 147, 40, face
138, 72, 157, 0, face
144, 72, 160, 0, face
132, 78, 151, 0, face
154, 116, 151, 127, face
154, 113, 157, 127, face
151, 116, 157, 127, face
119, 188, 210, 92, face
116, 195, 223, 75, face
116, 201, 220, 92, face
182, 103, 182, 127, face
154, 116, 157, 57, face
179, 110, 185, 133, face
170, 100, 179, 98, face
113, 220, 160, 237, face
110, 232, 166, 249, face
107, 232, 157, 237, face
157, 119, 170, 34, face
135, 125, 179, 46, face
122, 132, 179, 40, face
160, 113, 147, 23, face
151, 107, 154, 23, face
154, 116, 157, 40, face
147, 116, 160, 23, face
166, 81, 163, 34, face
166, 78, 166, 17, face
163, 81, 163, 17, face
173, 85, 151, 34, face
182, 75, 154, 17, face
173, 85, 157, 17, face
141, 91, 144, 0, face
144, 88, 154, 0, face
138, 100, 147, 0, face
173, 100, 160, 52, face
110, 135, 157, 115, face
94, 138, 157, 115, face
103, 132, 170, 104, face
97, 44, 94, 75, face
113, 47, 91, 52, face
91, 40, 97, 75, face
170, 40, 100, 75, face
157, 116, 141, 127, face
157, 119, 135, 121, face
157, 119, 141, 127, face
122, 166, 166, 75, face
119, 170, 176, 86, face
110, 170, 170, 81, face
185, 103, 179, 98, face
192, 47, 157, 81, face
166, 107, 176, 104, face
170, 113, 173, 86, face
141, 119, 135, 92, face
147, 116, 132, 92, face
135, 122, 138, 75, face
135, 122, 147, 98, face
141, 113, 151, 98, face
125, 125, 141, 81, face
147, 75, 113, 92, face
141, 75, 116, 98, face
182, 53, 144, 81, face
138, 75, 119, 86, face
132, 81, 110, 150, face
141, 85, 116, 150, face
125, 81, 110, 144, face
69, 210, 135, 115, face
66, 214, 135, 121, face
66, 217, 132, 127, face
59, 214, 129, 121, face
69, 214, 132, 115, face
62, 226, 132, 127, face
163, 110, 154, 115, face
151, 78, 157, 11, face
141, 69, 154, 5, face
151, 91, 166, 11, face
176, 72, 141, 17, face
173, 69, 144, 17, face
173, 78, 138, 11, face
141, 179, 192, 139, face
151, 195, 195, 133, face
160, 198, 198, 139, face
103, 44, 113, 0, face
163, 119, 163, 121, face
97, 40, 113, 5, face
94, 59, 116, 0, face
94, 135, 116, 46, face
91, 125, 125, 34, face
88, 138, 116, 63, face
163, 138, 157, 115, face
160, 141, 154, 121, face
163, 144, 157, 127, face
75, 56, 100, 5, face
97, 72, 110, 11, face
166, 113, 160, 104, face
75, 62, 107, 0, face
135, 85, 132, 40, face
125, 75, 129, 34, face
135, 81, 132, 28, face
147, 88, 132, 57, face
144, 91, 132, 34, face
132, 94, 141, 40, face
37, 223, 138, 86, face
47, 229, 144, 92, face
34, 239, 141, 115, face
151, 116, 144, 133, face
182, 88, 157, 0, face
179, 85, 157, 0, face
173, 100, 160, 0, face
135, 129, 138, 156, face
154, 135, 144, 150, face
144, 132, 141, 150, face
78, 176, 125, 121, face
88, 173, 135, 121, face
81, 179, 132, 121, face
160, 59, 119, 57, face
154, 110, 154, 127, face
166, 53, 119, 57, face
176, 62, 119, 46, face
160, 94, 176, 144, face
157, 91, 179, 139, face
160, 97, 179, 133, face
116, 56, 122, 63, face
122, 53, 119, 63, face
113, 66, 132, 63, face
129, 113, 144, 81, face
125, 119, 147, 92, face
144, 116, 151, 144, face
125, 116, 141, 75, face
88, 204, 176, 162, face
94, 207, 185, 144, face
85, 207, 182, 144, face
103, 188, 170, 173, face
103, 192, 170, 168, face
97, 195, 176, 179, face
110, 176, 154, 104, face
129, 179, 176, 98, face
125, 182, 166, 110, face
100, 170, 179, 173, face
151, 78, 135, 69, face
151, 78, 141, 63, face
147, 85, 141, 69, face
157, 81, 138, 75, face
154, 78, 135, 69, face
154, 81, 141, 69, face
151, 75, 151, 40, face
154, 81, 154, 40, face
151, 85, 154, 46, face
122, 135, 179, 86, face
154, 116, 195, 34, face
113, 170, 185, 168, face
132, 141, 179, 98, face
129, 141, 176, 81, face
100, 157, 170, 52, face
100, 166, 176, 52, face
107, 176, 179, 57, face
119, 185, 214, 115, face
113, 195, 214, 127, face
119, 198, 220, 104, face
50, 198, 107, 92, face
50, 198, 119, 86, face
97, 173, 182, 179, face
47, 204, 107, 110, face
132, 207, 188, 191, face
125, 207, 192, 185, face
129, 220, 201, 197, face
119, 100, 116, 98, face
116, 103, 116, 98, face
97, 110, 116, 92, face
72, 173, 176, 92, face
69, 173, 173, 98, face
75, 179, 170, 92, face
119, 173, 179, 191, face
176, 91, 160, 5, face
166, 94, 170, 0, face
170, 103, 170, 5, face
198, 75, 163, 0, face
198, 72, 163, 0, face
129, 110, 107, 121, face
147, 122, 157, 127, face
135, 116, 160, 127, face
147, 122, 154, 115, face
144, 69, 135, 0, face
144, 62, 138, 0, face
144, 75, 141, 0, face
201, 91, 122, 81, face
192, 91, 116, 86, face
192, 94, 122, 57, face
59, 195, 132, 92, face
125, 119, 129, 127, face
62, 198, 132, 81, face
53, 210, 135, 110, face
81, 135, 103, 115, face
94, 147, 119, 121, face
85, 160, 125, 110, face
94, 160, 103, 156, face
88, 166, 110, 156, face
91, 163, 116, 139, face
81, 154, 119, 57, face
85, 160, 129, 63, face
125, 116, 129, 121, face
85, 166, 122, 63, face
135, 147, 157, 127, face
129, 147, 154, 121, face
132, 151, 157, 133, face
132, 154, 173, 162, face
119, 157, 179, 133, face
116, 151, 185, 139, face
110, 116, 132, 139, face
113, 116, 135, 121, face
97, 122, 135, 139, face
141, 116, 122, 127, face
129, 129, 170, 52, face
122, 122, 170, 52, face
125, 132, 173, 46, face
163, 141, 179, 92, face
154, 138, 179, 81, face
147, 151, 179, 92, face
173, 125, 176, 92, face
166, 116, 166, 92, face
166, 132, 179, 75, face
100, 185, 141, 81, face
135, 125, 125, 133, face
135, 119, 179, 52, face
122, 125, 185, 63, face
163, 62, 132, 34, face
166, 56, 129, 40, face
157, 62, 135, 34, face
173, 50, 116, 57, face
135, 122, 151, 127, face
170, 56, 125, 52, face
160, 62, 125, 46, face
141, 138, 141, 0, face
129, 129, 147, 0, face
110, 154, 147, 0, face
144, 144, 163, 98, face
138, 135, 166, 110, face
125, 144, 163, 86, face
129, 132, 182, 63, face
125, 129, 182, 57, face
147, 129, 163, 133, face
125, 132, 176, 57, face
138, 125, 138, 0, face
141, 125, 138, 0, face
141, 141, 138, 11, face
66, 201, 154, 104, face
75, 192, 147, 104, face
78, 201, 160, 110, face
85, 182, 151, 81, face
75, 182, 154, 75, face
78, 176, 154, 75, face
138, 116, 147, 127, face
135, 72, 138, 11, face
135, 62, 141, 0, face
122, 75, 141, 17, face
113, 157, 151, 52, face
110, 170, 163, 57, face
107, 170, 160, 52, face
116, 107, 94, 156, face
129, 125, 125, 127, face
154, 116, 170, 63, face
129, 122, 147, 133, face
122, 119, 141, 139, face
119, 113, 144, 133, face
129, 107, 157, 104, face
138, 103, 154, 104, face
122, 110, 160, 115, face
141, 91, 160, 185, face
135, 97, 154, 185, face
157, 103, 163, 202, face
147, 94, 144, 173, face
163, 113, 179, 57, face
144, 91, 141, 150, face
144, 97, 151, 156, face
75, 144, 125, 98, face
85, 147, 135, 104, face
85, 157, 135, 92, face
85, 157, 151, 57, face
85, 151, 157, 57, face
75, 170, 154, 63, face
91, 166, 154, 69, face
78, 163, 154, 69, face
154, 119, 176, 63, face
78, 170, 154, 63, face
91, 170, 138, 115, face
85, 163, 135, 110, face
85, 179, 141, 104, face
107, 132, 173, 208, face
110, 135, 173, 220, face
107, 132, 173, 214, face
113, 141, 154, 214, face
116, 141, 151, 208, face
103, 129, 151, 214, face
144, 69, 160, 98, face
107, 157, 141, 81, face
119, 166, 160, 75, face
97, 176, 147, 86, face
103, 173, 132, 57, face
107, 170, 154, 63, face
100, 179, 144, 52, face
107, 204, 204, 226, face
94, 207, 201, 231, face
107, 204, 214, 220, face
97, 147, 113, 104, face
154, 69, 173, 98, face
81, 144, 116, 98, face
75, 163, 107, 110, face
72, 151, 97, 92, face
78, 154, 116, 92, face
75, 157, 97, 104, face
151, 81, 132, 0, face
157, 81, 132, 0, face
144, 100, 132, 0, face
116, 94, 116, 0, face
122, 91, 122, 0, face
151, 88, 144, 75, face
138, 78, 163, 86, face
129, 103, 116, 0, face
40, 204, 144, 81, face
37, 195, 147, 57, face
44, 207, 141, 81, face
195, 91, 135, 214, face
198, 100, 141, 208, face
201, 88, 135, 208, face
198, 75, 166, 92, face
204, 81, 179, 104, face
204, 81, 173, 98, face
157, 66, 154, 98, face
85, 132, 160, 11, face
88, 132, 163, 23, face
94, 147, 160, 0, face
122, 166, 229, 127, face
122, 163, 229, 121, face
119, 160, 229, 98, face
113, 157, 217, 121, face
116, 163, 223, 110, face
110, 160, 220, 104, face
100, 173, 132, 127, face
157, 69, 157, 104, face
100, 188, 132, 127, face
85, 188, 129, 127, face
81, 229, 138, 179, face
78, 226, 144, 173, face
85, 232, 138, 173, face
85, 223, 125, 202, face
85, 223, 125, 208, face
85, 226, 122, 191, face
125, 91, 138, 28, face
122, 85, 138, 28, face
151, 69, 160, 98, face
132, 94, 144, 28, face
107, 236, 214, 202, face
100, 236, 217, 197, face
100, 232, 220, 179, face
119, 223, 204, 168, face
113, 232, 207, 185, face
103, 229, 207, 179, face
66, 125, 147, 156, face
69, 119, 154, 144, face
56, 119, 147, 156, face
141, 116, 185, 92, face
69, 198, 170, 86, face
72, 201, 176, 81, face
62, 207, 170, 86, face
113, 173, 147, 34, face
113, 170, 163, 23, face
100, 176, 151, 40, face
125, 113, 144, 0, face
144, 141, 201, 156, face
138, 107, 144, 0, face
132, 119, 141, 0, face
135, 110, 122, 121, face
138, 110, 135, 110, face
138, 122, 144, 110, face
144, 125, 119, 214, face
147, 125, 129, 220, face
141, 129, 122, 214, face
144, 100, 192, 81, face
141, 119, 195, 86, face
138, 135, 198, 144, face
132, 103, 192, 81, face
157, 100, 173, 81, face
151, 119, 182, 75, face
157, 113, 173, 63, face
94, 232, 214, 179, face
88, 232, 220, 179, face
88, 232, 214, 173, face
110, 50, 125, 57, face
110, 47, 132, 40, face
116, 56, 129, 52, face
154, 97, 138, 75, face
163, 119, 192, 115, face
125, 66, 113, 57, face
116, 62, 116, 52, face
122, 72, 113, 52, face
170, 122, 192, 162, face
170, 141, 201, 185, face
166, 141, 201, 162, face
173, 122, 182, 115, face
151, 122, 185, 133, face
160, 129, 188, 115, face
85, 132, 122, 208, face
163, 122, 201, 139, face
103, 141, 138, 208, face
78, 122, 122, 197, face
179, 22, 141, 40, face
182, 28, 151, 46, face
170, 25, 141, 57, face
182, 22, 141, 28, face
179, 18, 144, 23, face
173, 28, 144, 28, face
157, 103, 173, 11, face
132, 88, 166, 52, face
132, 88, 170, 52, face
129, 94, 173, 52, face
160, 125, 176, 69, face
151, 122, 176, 46, face
157, 129, 192, 52, face
166, 122, 176, 75, face
97, 141, 141, 5, face
166, 116, 173, 40, face
160, 125, 176, 57, face
144, 122, 173, 86, face
138, 132, 176, 86, face
141, 125, 179, 86, face
135, 129, 154, 162, face
147, 122, 160, 156, face
141, 132, 163, 156, face
170, 135, 182, 75, face
163, 151, 201, 98, face
100, 160, 147, 11, face
170, 141, 198, 75, face
116, 129, 138, 162, face
107, 138, 141, 168, face
110, 135, 141, 156, face
176, 97, 188, 69, face
179, 88, 188, 34, face
166, 91, 192, 52, face
166, 97, 192, 52, face
170, 91, 192, 28, face
163, 100, 188, 23, face
132, 132, 157, 63, face
151, 163, 198, 63, face
147, 185, 210, 75, face
144, 179, 207, 63, face
157, 166, 214, 69, face
157, 163, 214, 52, face
151, 176, 214, 63, face
125, 103, 147, 98, face
138, 97, 147, 81, face
129, 110, 157, 81, face
132, 103, 147, 98, face
135, 144, 160, 86, face
132, 113, 157, 104, face
119, 107, 147, 110, face
132, 107, 144, 92, face
129, 107, 147, 86, face
122, 107, 141, 98, face
129, 100, 132, 75, face
125, 94, 135, 69, face
110, 107, 138, 86, face
78, 195, 166, 104, face
81, 201, 176, 104, face
129, 132, 160, 63, face
81, 204, 176, 104, face
163, 94, 154, 23, face
157, 85, 157, 5, face
173, 94, 160, 0, face
163, 78, 141, 92, face
163, 75, 141, 98, face
160, 81, 141, 92, face
107, 135, 88, 86, face
116, 147, 116, 81, face
100, 157, 113, 75, face
144, 129, 132, 110, face
100, 154, 94, 168, face
125, 163, 107, 156, face
119, 157, 116, 98, face
122, 138, 97, 104, face
132, 151, 116, 98, face
129, 154, 129, 92, face
88, 160, 163, 110, face
138, 147, 151, 98, face
132, 160, 157, 92, face
125, 157, 157, 75, face
129, 154, 144, 92, face
135, 173, 173, 98, face
129, 166, 163, 92, face
141, 138, 154, 104, face
138, 154, 160, 121, face
135, 160, 160, 110, face
122, 226, 210, 185, face
94, 176, 173, 104, face
116, 229, 214, 185, face
122, 229, 210, 173, face
129, 223, 207, 202, face
119, 226, 207, 208, face
113, 226, 214, 208, face
100, 160, 185, 104, face
100, 173, 192, 115, face
113, 192, 198, 115, face
97, 157, 179, 104, face
110, 176, 185, 110, face
78, 179, 166, 127, face
97, 170, 185, 75, face
166, 160, 176, 127, face
166, 160, 179, 121, face
160, 170, 182, 127, face
160, 141, 173, 86, face
144, 141, 173, 98, face
151, 147, 173, 81, face
129, 185, 173, 121, face
125, 195, 166, 133, face
122, 198, 176, 127, face
72, 160, 154, 86, face
88, 210, 151, 115, face
91, 214, 151, 110, face
81, 214, 151, 127, face
88, 217, 160, 110, face
85, 220, 160, 110, face
85, 226, 163, 127, face
88, 204, 129, 127, face
85, 204, 129, 121, face
85, 210, 135, 139, face
78, 173, 138, 23, face
78, 163, 154, 81, face
78, 176, 147, 17, face
72, 188, 141, 34, face
75, 166, 141, 34, face
72, 154, 138, 23, face
72, 173, 141, 34, face
135, 44, 113, 0, face
147, 40, 116, 5, face
129, 44, 113, 5, face
138, 47, 103, 5, face
125, 47, 113, 0, face
78, 176, 160, 92, face
125, 56, 103, 5, face
119, 50, 94, 11, face
119, 53, 97, 17, face
122, 62, 100, 11, face
132, 47, 97, 5, face
129, 37, 100, 11, face
122, 53, 97, 5, face
160, 100, 182, 156, face
154, 103, 185, 156, face
157, 97, 188, 139, face
119, 66, 163, 11, face
160, 179, 198, 150, face
113, 132, 185, 23, face
50, 229, 144, 150, face
31, 226, 151, 133, face
28, 226, 151, 127, face
37, 232, 144, 144, face
50, 220, 138, 104, face
56, 223, 138, 110, face
47, 223, 135, 115, face
44, 195, 129, 81, face
47, 204, 138, 81, face
34, 210, 129, 86, face
129, 116, 185, 75, face
163, 88, 141, 63, face
160, 91, 144, 75, face
157, 85, 132, 52, face
154, 110, 173, 104, face
151, 97, 170, 81, face
151, 110, 179, 86, face
97, 198, 173, 75, face
100, 204, 182, 63, face
100, 220, 188, 92, face
198, 176, 223, 23, face
135, 119, 182, 81, face
182, 163, 220, 17, face
185, 185, 226, 17, face
113, 110, 157, 81, face
113, 113, 170, 75, face
113, 110, 160, 63, face
157, 72, 157, 133, face
157, 72, 157, 133, face
160, 78, 166, 139, face
160, 72, 151, 133, face
160, 72, 157, 133, face
125, 125, 195, 69, face
163, 81, 154, 144, face
195, 59, 141, 127, face
198, 69, 166, 156, face
192, 66, 166, 133, face
116, 56, 125, 46, face
116, 53, 129, 52, face
119, 62, 129, 40, face
122, 56, 125, 46, face
129, 50, 119, 40, face
125, 59, 119, 40, face
132, 85, 129, 63, face
173, 210, 217, 110, face
154, 210, 223, 115, face
160, 210, 217, 115, face
119, 179, 185, 52, face
116, 188, 195, 52, face
113, 198, 185, 63, face
122, 75, 144, 57, face
129, 66, 141, 57, face
122, 69, 135, 52, face
116, 85, 154, 75, face
144, 85, 132, 75, face
122, 81, 154, 69, face
113, 85, 157, 69, face
135, 66, 135, 110, face
138, 56, 132, 98, face
141, 62, 132, 98, face
110, 100, 97, 127, face
119, 116, 113, 121, face
100, 110, 100, 115, face
160, 103, 173, 5, face
144, 100, 176, 11, face
141, 91, 132, 63, face
138, 110, 176, 5, face
163, 100, 179, 17, face
154, 100, 179, 23, face
154, 113, 195, 11, face
72, 163, 160, 133, face
72, 170, 157, 127, face
78, 170, 173, 127, face
88, 173, 138, 214, face
97, 179, 154, 214, face
94, 182, 157, 208, face
119, 157, 195, 34, face
144, 72, 119, 75, face
116, 151, 144, 40, face
125, 163, 147, 34, face
107, 182, 154, 57, face
113, 154, 135, 46, face
116, 163, 144, 46, face
113, 179, 147, 52, face
81, 204, 147, 110, face
85, 207, 154, 104, face
66, 210, 141, 121, face
66, 201, 141, 92, face
154, 75, 129, 92, face
81, 195, 147, 75, face
72, 223, 151, 121, face
88, 173, 160, 104, face
81, 182, 173, 98, face
85, 176, 170, 104, face
132, 129, 125, 162, face
138, 144, 132, 162, face
129, 144, 138, 150, face
144, 103, 113, 179, face
144, 110, 116, 150, face
138, 85, 141, 69, face
132, 119, 116, 162, face
135, 97, 188, 40, face
132, 94, 195, 57, face
138, 103, 192, 46, face
125, 107, 185, 46, face
132, 107, 188, 40, face
119, 116, 198, 52, face
195, 147, 223, 11, face
198, 138, 226, 17, face
173, 151, 220, 5, face
144, 81, 170, 34, face
192, 157, 223, 11, face
188, 144, 220, 17, face
188, 163, 226, 17, face
125, 56, 103, 110, face
135, 62, 113, 127, face
135, 62, 116, 115, face
160, 56, 88, 127, face
144, 56, 91, 127, face
151, 62, 85, 121, face
94, 100, 170, 0, face
141, 88, 179, 34, face
94, 97, 170, 0, face
94, 103, 166, 0, face
116, 75, 147, 5, face
122, 75, 157, 0, face
110, 81, 147, 5, face
50, 198, 151, 173, face
47, 198, 151, 173, face
56, 207, 154, 179, face
110, 185, 173, 127, face
113, 198, 173, 139, face
132, 85, 182, 34, face
94, 198, 179, 133, face
110, 138, 173, 75, face
107, 144, 173, 75, face
116, 144, 176, 57, face
122, 135, 166, 81, face
119, 132, 176, 81, face
119, 151, 182, 63, face
75, 192, 176, 104, face
81, 210, 188, 104, face
81, 210, 185, 110, face
138, 97, 132, 63, face
147, 81, 141, 98, face
157, 78, 141, 98, face
144, 81, 141, 98, face
163, 81, 138, 110, face
151, 75, 141, 104, face
141, 81, 141, 110, face
163, 147, 182, 168, face
125, 160, 201, 28, face
147, 129, 185, 63, face
154, 154, 182, 168, face
151, 154, 185, 168, face
122, 103, 110, 86, face
129, 110, 119, 75, face
138, 119, 116, 92, face
207, 78, 170, 0, face
201, 78, 176, 5, face
201, 94, 176, 0, face
78, 195, 163, 150, face
88, 201, 170, 150, face
147, 122, 188, 57, face
81, 198, 163, 156, face
85, 185, 151, 150, face
94, 195, 157, 144, face
88, 192, 157, 162, face
147, 91, 154, 40, face
144, 88, 160, 46, face
154, 53, 119, 69, face
160, 44, 119, 52, face
163, 56, 132, 57, face
110, 198, 173, 63, face
85, 195, 173, 69, face
122, 88, 157, 115, face
85, 207, 179, 81, face
125, 81, 138, 81, face
135, 75, 138, 81, face
125, 78, 138, 86, face
138, 144, 198, 63, face
144, 135, 201, 52, face
138, 154, 207, 52, face
113, 116, 195, 150, face
103, 129, 198, 156, face
110, 119, 195, 139, face
132, 85, 151, 133, face
122, 135, 151, 110, face
122, 157, 176, 121, face
110, 144, 157, 104, face
122, 147, 160, 144, face
144, 157, 170, 144, face
113, 157, 163, 133, face
135, 88, 119, 173, face
135, 88, 129, 173, face
132, 88, 119, 179, face
116, 157, 185, 46, face
129, 88, 157, 133, face
125, 163, 185, 34, face
122, 173, 185, 52, face
113, 138, 201, 34, face
129, 141, 207, 34, face
116, 147, 204, 34, face
116, 141, 201, 46, face
122, 138, 198, 40, face
119, 141, 207, 46, face
103, 242, 173, 179, face
103, 245, 179, 197, face
129, 182, 201, 40, face
125, 91, 154, 133, face
103, 248, 176, 191, face
107, 160, 185, 63, face
113, 157, 192, 69, face
113, 170, 182, 86, face
132, 62, 94, 92, face
110, 147, 166, 40, face
129, 135, 214, 40, face
138, 144, 204, 75, face
135, 138, 201, 63, face
119, 141, 201, 69, face
151, 69, 154, 17, face
154, 69, 151, 11, face
147, 72, 157, 23, face
147, 62, 147, 11, face
147, 59, 154, 11, face
151, 66, 154, 11, face
122, 147, 160, 133, face
129, 56, 113, 11, face
141, 56, 125, 11, face
129, 59, 116, 11, face
116, 100, 113, 34, face
119, 125, 132, 46, face
116, 129, 122, 52, face
125, 91, 103, 28, face
110, 100, 107, 40, face
122, 110, 116, 46, face
135, 103, 138, 69, face
129, 144, 163, 115, face
144, 110, 141, 75, face
138, 113, 132, 69, face
85, 188, 176, 139, face
88, 204, 188, 139, face
85, 214, 192, 139, face
103, 97, 157, 5, face
103, 94, 154, 5, face
100, 103, 157, 5, face
135, 132, 147, 63, face
119, 125, 147, 40, face
125, 151, 170, 110, face
119, 151, 151, 46, face
144, 135, 144, 46, face
132, 132, 170, 23, face
129, 160, 173, 28, face
141, 147, 160, 46, face
132, 135, 163, 40, face
144, 154, 170, 28, face
100, 129, 141, 98, face
94, 132, 151, 110, face
122, 135, 179, 0, face
100, 132, 157, 92, face
144, 144, 182, 34, face
151, 144, 192, 23, face
135, 154, 182, 23, face
151, 141, 182, 69, face
154, 135, 182, 52, face
141, 151, 182, 57, face
94, 182, 125, 69, face
103, 185, 135, 69, face
88, 201, 132, 92, face
135, 129, 182, 46, face
110, 138, 220, 86, face
113, 132, 220, 98, face
100, 138, 223, 81, face
166, 116, 154, 127, face
166, 116, 154, 127, face
154, 119, 157, 133, face
147, 97, 170, 86, face
154, 97, 173, 86, face
141, 107, 166, 86, face
147, 116, 166, 69, face
135, 132, 179, 63, face
141, 116, 182, 63, face
138, 132, 185, 75, face
154, 122, 170, 115, face
147, 129, 179, 110, face
151, 129, 182, 110, face
141, 69, 110, 121, face
151, 81, 110, 115, face
147, 72, 110, 104, face
100, 176, 157, 110, face
110, 170, 166, 92, face
122, 147, 182, 57, face
107, 182, 163, 110, face
113, 182, 157, 121, face
113, 182, 160, 127, face
100, 185, 157, 110, face
113, 173, 170, 98, face
113, 100, 132, 23, face
125, 88, 132, 23, face
116, 103, 132, 23, face
116, 88, 129, 46, face
122, 91, 129, 52, face
110, 91, 125, 34, face
88, 185, 170, 69, face
31, 232, 195, 197, non-face
116, 232, 160, 237, non-face
97, 188, 179, 214, non-face
251, 122, 179, 17, non-face
85, 232, 192, 255, non-face
78, 239, 163, 255, non-face
110, 248, 179, 237, non-face
229, 135, 163, 5, non-face
125, 201, 110, 121, non-face
40, 220, 129, 173, non-face
85, 0, 50, 17, non-face
40, 201, 132, 46, non-face
166, 69, 116, 0, non-face
255, 44, 173, 0, non-face
75, 138, 160, 63, non-face
157, 81, 129, 75, non-face
75, 144, 113, 255, non-face
94, 210, 125, 168, non-face
182, 40, 125, 23, non-face
119, 220, 204, 231, non-face
31, 232, 170, 243, non-face
116, 9, 40, 104, non-face
166, 44, 85, 104, non-face
151, 129, 97, 127, non-face
59, 81, 88, 46, non-face
103, 107, 91, 46, non-face
122, 97, 122, 28, non-face
138, 97, 66, 0, non-face
15, 192, 91, 139, non-face
110, 122, 113, 69, non-face
75, 198, 173, 220, non-face
75, 163, 166, 150, non-face
103, 195, 157, 208, non-face
75, 129, 91, 127, non-face
103, 116, 88, 127, non-face
135, 94, 88, 5, non-face
157, 44, 75, 144, non-face
100, 214, 192, 173, non-face
47, 217, 85, 179, non-face
147, 94, 119, 34, non-face
176, 62, 59, 52, non-face
147, 176, 125, 92, non-face
116, 147, 94, 173, non-face
94, 173, 135, 104, non-face
107, 25, 66, 139, non-face
163, 66, 85, 69, non-face
100, 198, 173, 57, non-face
72, 75, 56, 133, non-face
179, 138, 135, 127, non-face
81, 31, 122, 52, non-face
119, 214, 195, 208, non-face
144, 50, 160, 5, non-face
28, 210, 119, 168, non-face
170, 66, 66, 0, non-face
22, 239, 195, 249, non-face
204, 125, 160, 98, non-face
88, 81, 125, 185, non-face
91, 97, 129, 133, non-face
141, 75, 78, 40, non-face
160, 72, 62, 0, non-face
125, 173, 163, 133, non-face
81, 160, 116, 255, non-face
66, 201, 160, 179, non-face
103, 179, 154, 208, non-face
97, 198, 157, 255, non-face
132, 147, 170, 179, non-face
88, 195, 132, 162, non-face
166, 154, 198, 63, non-face
66, 255, 182, 255, non-face
147, 103, 107, 11, non-face
210, 34, 157, 0, non-face
94, 125, 201, 17, non-face
28, 255, 170, 255, non-face
160, 66, 66, 208, non-face
97, 151, 170, 226, non-face
129, 103, 110, 57, non-face
110, 125, 176, 92, non-face
176, 56, 88, 0, non-face
62, 119, 91, 75, non-face
135, 255, 198, 255, non-face
119, 132, 185, 81, non-face
170, 97, 129, 57, non-face
88, 132, 66, 0, non-face
88, 75, 72, 92, non-face
226, 110, 138, 92, non-face
122, 242, 179, 243, non-face
119, 125, 116, 92, non-face
85, 255, 170, 255, non-face
85, 255, 173, 255, non-face
144, 132, 154, 81, non-face
119, 107, 157, 0, non-face
72, 97, 141, 0, non-face
147, 22, 125, 0, non-face
151, 72, 110, 0, non-face
223, 6, 85, 0, non-face
195, 3, 103, 11, non-face
69, 78, 50, 156, non-face
85, 192, 185, 110, non-face
100, 129, 144, 168, non-face
132, 170, 239, 139, non-face
179, 15, 122, 11, non-face
88, 192, 151, 92, non-face
122, 147, 188, 197, non-face
179, 34, 132, 17, non-face
182, 138, 255, 5, non-face
255, 50, 166, 5, non-face
59, 185, 195, 75, non-face
44, 113, 103, 121, non-face
94, 170, 195, 17, non-face
25, 198, 201, 191, non-face
129, 232, 160, 127, non-face
160, 53, 129, 0, non-face
81, 185, 163, 115, non-face
110, 47, 103, 28, non-face
195, 15, 97, 23, non-face
129, 122, 154, 0, non-face
59, 107, 119, 121, non-face
59, 170, 103, 156, non-face
37, 185, 97, 173, non-face
85, 113, 103, 104, non-face
81, 100, 119, 98, non-face
22, 182, 97, 156, non-face
220, 53, 135, 0, non-face
135, 85, 110, 127, non-face
37, 151, 154, 179, non-face
103, 50, 135, 0, non-face
135, 62, 204, 28, non-face
103, 44, 56, 23, non-face
62, 176, 97, 144, non-face
94, 166, 144, 92, non-face
132, 214, 185, 92, non-face
110, 31, 40, 75, non-face
138, 144, 103, 156, non-face
66, 53, 129, 52, non-face
62, 103, 170, 5, non-face
182, 147, 185, 17, non-face
195, 34, 135, 46, non-face
198, 103, 154, 5, non-face
103, 110, 81, 0, non-face
72, 125, 163, 40, non-face
132, 28, 37, 34, non-face
94, 182, 170, 75, non-face
154, 56, 157, 0, non-face
78, 185, 141, 127, non-face
157, 22, 132, 0, non-face
88, 129, 97, 5, non-face
81, 154, 201, 92, non-face
151, 72, 154, 0, non-face
122, 66, 176, 0, non-face
47, 214, 147, 92, non-face
97, 144, 166, 121, non-face
154, 129, 160, 46, non-face
97, 6, 88, 81, non-face
100, 125, 113, 17, non-face
144, 97, 107, 92, non-face
81, 163, 179, 104, non-face
141, 129, 185, 34, non-face
132, 192, 81, 191, non-face
110, 40, 40, 63, non-face
185, 53, 119, 0, non-face
107, 100, 132, 0, non-face
69, 242, 141, 156, non-face
0, 255, 129, 156, non-face
129, 192, 144, 133, non-face
141, 141, 110, 150, non-face
176, 163, 138, 81, non-face
110, 192, 151, 162, non-face
157, 116, 107, 150, non-face
75, 251, 192, 255, non-face
31, 122, 103, 28, non-face
113, 116, 94, 46, non-face
94, 47, 72, 63, non-face
100, 154, 97, 57, non-face
66, 119, 188, 40, non-face
154, 226, 198, 162, non-face
144, 226, 198, 156, non-face
179, 204, 220, 226, non-face
135, 81, 157, 0, non-face
28, 119, 119, 139, non-face
125, 69, 163, 17, non-face
179, 25, 151, 17, non-face
125, 147, 141, 28, non-face
226, 59, 173, 40, non-face
170, 141, 122, 23, non-face
210, 18, 141, 115, non-face
207, 18, 141, 127, non-face
138, 141, 210, 197, non-face
154, 34, 176, 11, non-face
195, 217, 229, 75, non-face
220, 22, 173, 104, non-face
0, 47, 40, 0, non-face
236, 12, 173, 110, non-face
100, 198, 103, 226, non-face
85, 179, 220, 255, non-face
6, 31, 28, 0, non-face
248, 3, 135, 0, non-face
103, 75, 226, 5, non-face
88, 160, 192, 34, non-face
157, 125, 125, 86, non-face
147, 88, 239, 0, non-face
207, 50, 185, 0, non-face
255, 44, 166, 34, non-face
6, 251, 157, 156, non-face
255, 47, 151, 127, non-face
56, 255, 223, 185, non-face
207, 107, 242, 46, non-face
59, 75, 129, 92, non-face
255, 110, 179, 0, non-face
255, 66, 198, 46, non-face
85, 100, 185, 69, non-face
239, 78, 88, 40, non-face
255, 56, 138, 69, non-face
179, 66, 113, 63, non-face
255, 66, 198, 127, non-face
170, 160, 78, 173, non-face
255, 88, 201, 40, non-face
122, 107, 141, 0, non-face
138, 113, 113, 104, non-face
135, 116, 122, 127, non-face
147, 141, 132, 168, non-face
255, 72, 204, 46, non-face
119, 147, 141, 121, non-face
129, 88, 160, 57, non-face
116, 201, 182, 156, non-face
166, 138, 217, 220, non-face
122, 151, 135, 144, non-face
18, 226, 163, 185, non-face
147, 100, 135, 63, non-face
201, 141, 173, 231, non-face
248, 125, 207, 214, non-face
81, 66, 18, 5, non-face
3, 242, 160, 110, non-face
59, 154, 125, 28, non-face
62, 220, 198, 69, non-face
157, 132, 125, 133, non-face
119, 160, 132, 150, non-face
12, 214, 107, 220, non-face
179, 94, 170, 28, non-face
170, 59, 154, 92, non-face
40, 176, 116, 115, non-face
229, 116, 176, 0, non-face
229, 116, 173, 5, non-face
12, 179, 173, 150, non-face
173, 53, 151, 11, non-face
176, 113, 170, 191, non-face
50, 236, 201, 162, non-face
22, 176, 192, 86, non-face
195, 110, 195, 0, non-face
188, 103, 113, 0, non-face
173, 110, 110, 5, non-face
157, 116, 147, 28, non-face
166, 116, 179, 34, non-face
166, 116, 195, 11, non-face
170, 110, 132, 0, non-face
170, 122, 135, 0, non-face
245, 166, 217, 17, non-face
53, 229, 125, 243, non-face
125, 151, 132, 5, non-face
9, 229, 188, 185, non-face
163, 226, 188, 255, non-face
119, 25, 144, 28, non-face
160, 122, 138, 40, non-face
85, 113, 132, 115, non-face
185, 119, 138, 81, non-face
129, 141, 179, 179, non-face
147, 125, 223, 139, non-face
141, 119, 217, 121, non-face
129, 78, 53, 28, non-face
122, 94, 195, 179, non-face
135, 147, 170, 197, non-face
154, 66, 176, 86, non-face
125, 207, 188, 179, non-face
179, 59, 138, 144, non-face
122, 204, 192, 150, non-face
147, 47, 88, 98, non-face
107, 119, 72, 81, non-face
75, 192, 170, 191, non-face
113, 88, 103, 197, non-face
91, 129, 141, 202, non-face
204, 31, 129, 69, non-face
144, 75, 144, 133, non-face
204, 78, 163, 0, non-face
201, 31, 185, 0, non-face
204, 81, 157, 17, non-face
88, 182, 129, 243, non-face
3, 198, 151, 139, non-face
125, 72, 135, 162, non-face
97, 154, 132, 121, non-face
255, 157, 210, 57, non-face
182, 0, 50, 5, non-face
204, 15, 69, 11, non-face
147, 173, 166, 104, non-face
81, 163, 129, 202, non-face
232, 113, 151, 5, non-face
34, 192, 138, 115, non-face
22, 176, 107, 208, non-face
100, 166, 160, 98, non-face
72, 132, 173, 121, non-face
47, 182, 192, 86, non-face
157, 40, 201, 17, non-face
166, 40, 138, 121, non-face
198, 94, 214, 98, non-face
125, 129, 185, 0, non-face
220, 91, 185, 110, non-face
151, 113, 182, 23, non-face
151, 132, 157, 28, non-face
81, 154, 138, 139, non-face
179, 56, 188, 23, non-face
69, 223, 204, 197, non-face
62, 116, 166, 168, non-face
78, 132, 179, 220, non-face
144, 151, 198, 150, non-face
160, 138, 160, 46, non-face
81, 176, 195, 40, non-face
220, 85, 173, 28, non-face
78, 154, 129, 144, non-face
147, 144, 97, 81, non-face
116, 179, 214, 40, non-face
0, 207, 78, 255, non-face
15, 135, 75, 168, non-face
0, 198, 97, 255, non-face
94, 113, 135, 52, non-face
91, 122, 97, 208, non-face
226, 135, 229, 173, non-face
135, 214, 154, 150, non-face
173, 91, 141, 28, non-face
195, 81, 157, 28, non-face
85, 176, 166, 92, non-face
236, 15, 166, 11, non-face
217, 116, 125, 5, non-face
141, 125, 170, 168, non-face
201, 129, 113, 57, non-face
47, 135, 100, 162, non-face
100, 157, 138, 11, non-face
34, 182, 100, 220, non-face
0, 226, 119, 191, non-face
40, 166, 107, 202, non-face
129, 113, 138, 0, non-face
69, 163, 179, 144, non-face
78, 217, 157, 173, non-face
217, 81, 132, 40, non-face
100, 119, 75, 173, non-face
28, 255, 192, 208, non-face
147, 116, 103, 92, non-face
154, 138, 255, 34, non-face
25, 125, 110, 52, non-face
107, 132, 53, 121, non-face
198, 144, 170, 162, non-face
179, 138, 179, 104, non-face
85, 204, 100, 249, non-face
201, 103, 72, 110, non-face
170, 192, 173, 179, non-face
125, 151, 100, 179, non-face
242, 75, 78, 156, non-face
204, 47, 125, 11, non-face
129, 255, 176, 185, non-face
125, 185, 157, 144, non-face
91, 220, 192, 144, non-face
69, 179, 179, 185, non-face
110, 62, 100, 5, non-face
147, 97, 135, 52, non-face
44, 236, 198, 226, non-face
135, 135, 110, 208, non-face
91, 119, 138, 98, non-face
188, 151, 66, 127, non-face
78, 195, 170, 179, non-face
135, 188, 248, 75, non-face
132, 210, 232, 98, non-face
135, 163, 110, 104, non-face
154, 141, 166, 162, non-face
151, 132, 72, 98, non-face
138, 144, 72, 104, non-face
176, 173, 166, 81, non-face
255, 53, 198, 0, non-face
255, 75, 132, 57, non-face
239, 72, 151, 104, non-face
255, 85, 163, 0, non-face
229, 47, 116, 23, non-face
113, 78, 81, 208, non-face
66, 9, 66, 121, non-face
255, 75, 166, 0, non-face
214, 107, 135, 202, non-face
34, 192, 154, 150, non-face
72, 75, 103, 98, non-face
188, 31, 125, 0, non-face
185, 66, 185, 5, non-face
94, 97, 113, 11, non-face
110, 160, 239, 0, non-face
138, 154, 151, 81, non-face
9, 75, 40, 249, non-face
220, 78, 138, 133, non-face
116, 56, 66, 86, non-face
185, 40, 107, 156, non-face
166, 85, 3, 208, non-face
119, 154, 47, 255, non-face
66, 119, 22, 63, non-face
72, 113, 69, 150, non-face
163, 15, 103, 11, non-face
195, 31, 157, 92, non-face
97, 0, 0, 0, non-face
100, 88, 56, 34, non-face
226, 119, 179, 5, non-face
214, 207, 179, 81, non-face
232, 9, 88, 156, non-face
255, 9, 135, 139, non-face
255, 6, 141, 110, non-face
94, 198, 85, 92, non-face
179, 157, 217, 214, non-face
255, 40, 166, 17, non-face
255, 31, 170, 17, non-face
255, 0, 144, 11, non-face
255, 78, 170, 0, non-face
255, 28, 170, 5, non-face
129, 229, 236, 202, non-face
255, 37, 204, 81, non-face
217, 0, 44, 0, non-face
160, 113, 72, 0, non-face
210, 248, 248, 173, non-face
6, 3, 12, 133, non-face
255, 28, 141, 156, non-face
37, 198, 85, 92, non-face
113, 44, 100, 0, non-face
248, 91, 176, 0, non-face
226, 151, 220, 0, non-face
81, 176, 125, 191, non-face
6, 66, 72, 226, non-face
195, 122, 147, 197, non-face
242, 69, 151, 133, non-face
157, 110, 166, 115, non-face
107, 28, 3, 28, non-face
170, 47, 88, 162, non-face
214, 56, 50, 214, non-face
81, 122, 3, 249, non-face
110, 151, 40, 255, non-face
81, 195, 135, 237, non-face
25, 182, 75, 150, non-face
53, 147, 40, 231, non-face
122, 22, 47, 23, non-face
201, 6, 110, 17, non-face
198, 25, 170, 104, non-face
119, 91, 88, 185, non-face
107, 0, 0, 0, non-face
125, 3, 0, 0, non-face
113, 97, 31, 75, non-face
88, 107, 94, 75, non-face
50, 129, 94, 115, non-face
53, 59, 97, 98, non-face
18, 0, 3, 0, non-face
255, 44, 170, 150, non-face
255, 72, 223, 139, non-face
255, 28, 195, 98, non-face
198, 141, 47, 46, non-face
129, 220, 232, 150, non-face
255, 97, 138, 0, non-face
255, 113, 242, 0, non-face
255, 88, 201, 0, non-face
255, 47, 214, 0, non-face
255, 78, 210, 11, non-face
251, 138, 207, 17, non-face
255, 66, 198, 5, non-face
255, 56, 226, 5, non-face
107, 242, 201, 115, non-face
72, 122, 47, 104, non-face
255, 53, 192, 127, non-face
201, 66, 107, 0, non-face
195, 69, 135, 0, non-face
154, 232, 182, 104, non-face
69, 0, 0, 0, non-face
251, 72, 166, 208, non-face
255, 119, 214, 237, non-face
255, 53, 141, 168, non-face
56, 154, 40, 46, non-face
113, 255, 255, 231, non-face
255, 22, 173, 52, non-face
173, 0, 3, 0, non-face
107, 0, 0, 0, non-face
78, 151, 103, 11, non-face
207, 232, 232, 168, non-face
50, 22, 44, 179, non-face
185, 91, 151, 191, non-face
255, 53, 166, 191, non-face
88, 154, 53, 52, non-face
113, 255, 255, 231, non-face
255, 245, 239, 255, non-face
223, 223, 251, 255, non-face
220, 157, 151, 249, non-face
255, 154, 220, 202, non-face
229, 110, 201, 191, non-face
236, 245, 226, 231, non-face
255, 170, 248, 121, non-face
255, 154, 236, 220, non-face
0, 88, 0, 214, non-face
0, 75, 18, 243, non-face
236, 0, 69, 63, non-face
107, 56, 3, 110, non-face
0, 28, 0, 150, non-face
0, 100, 6, 17, non-face
0, 255, 119, 208, non-face
28, 69, 132, 168, non-face
15, 59, 25, 69, non-face
0, 125, 28, 173, non-face
0, 3, 3, 150, non-face
113, 214, 255, 144, non-face
236, 255, 248, 191, non-face
163, 239, 223, 255, non-face
185, 220, 163, 255, non-face
245, 198, 192, 255, non-face
251, 201, 210, 255, non-face
217, 217, 229, 255, non-face
255, 129, 214, 121, non-face
251, 116, 248, 144, non-face
25, 214, 160, 255, non-face
69, 40, 192, 110, non-face
204, 0, 31, 63, non-face
22, 113, 85, 0, non-face
53, 22, 129, 0, non-face
9, 116, 0, 34, non-face
47, 242, 217, 202, non-face
242, 69, 116, 185, non-face
170, 22, 25, 23, non-face
56, 160, 195, 11, non-face
116, 163, 144, 104, non-face
0, 147, 72, 173, non-face
0, 166, 85, 115, non-face
0, 116, 47, 144, non-face
0, 69, 31, 121, non-face
0, 119, 25, 69, non-face
44, 47, 75, 86, non-face
255, 119, 255, 17, non-face
255, 113, 239, 17, non-face
255, 122, 248, 0, non-face
255, 72, 170, 104, non-face
255, 12, 94, 92, non-face
129, 22, 37, 46, non-face
0, 94, 12, 185, non-face
85, 0, 0, 115, non-face
6, 179, 25, 104, non-face
81, 229, 217, 121, non-face
220, 94, 198, 220, non-face
147, 50, 69, 168, non-face
154, 18, 81, 0, non-face
229, 122, 179, 0, non-face
198, 31, 160, 11, non-face
113, 81, 91, 98, non-face
157, 94, 135, 179, non-face
144, 3, 100, 127, non-face
226, 6, 72, 0, non-face
239, 91, 157, 11, non-face
201, 125, 110, 11, non-face
176, 125, 144, 98, non-face
179, 25, 75, 57, non-face
100, 116, 154, 168, non-face
201, 81, 129, 173, non-face
141, 94, 15, 150, non-face
12, 232, 182, 197, non-face
85, 34, 72, 208, non-face
0, 210, 94, 133, non-face
116, 141, 185, 81, non-face
229, 85, 210, 52, non-face
220, 122, 157, 69, non-face
97, 182, 107, 255, non-face
9, 185, 69, 162, non-face
91, 242, 107, 162, non-face
0, 255, 154, 255, non-face
37, 188, 163, 255, non-face
107, 107, 129, 249, non-face
94, 12, 3, 168, non-face
129, 119, 66, 156, non-face
195, 107, 72, 110, non-face
207, 125, 166, 214, non-face
226, 6, 66, 144, non-face
201, 129, 166, 197, non-face
163, 141, 100, 144, non-face
113, 97, 144, 231, non-face
53, 201, 154, 46, non-face
188, 214, 182, 214, non-face
12, 62, 78, 220, non-face
144, 66, 113, 5, non-face
214, 0, 59, 0, non-face
116, 151, 75, 57, non-face
166, 81, 239, 63, non-face
179, 12, 75, 0, non-face
110, 72, 94, 0, non-face
154, 132, 201, 0, non-face
255, 157, 245, 0, non-face
188, 214, 201, 121, non-face
97, 163, 125, 255, non-face
3, 103, 34, 255, non-face
18, 138, 132, 197, non-face
135, 154, 214, 162, non-face
173, 107, 138, 127, non-face
135, 163, 217, 226, non-face
129, 116, 69, 110, non-face
141, 100, 198, 208, non-face
72, 22, 44, 28, non-face
170, 151, 192, 0, non-face
220, 44, 188, 0, non-face
163, 9, 91, 23, non-face
198, 0, 97, 0, non-face
214, 56, 110, 0, non-face
204, 25, 110, 0, non-face
100, 53, 91, 23, non-face
170, 107, 154, 5, non-face
160, 94, 151, 0, non-face
255, 22, 160, 0, non-face
125, 147, 251, 197, non-face
15, 220, 88, 133, non-face
255, 6, 119, 0, non-face
179, 103, 75, 57, non-face
226, 56, 116, 92, non-face
135, 107, 129, 179, non-face
255, 97, 185, 0, non-face
255, 239, 242, 104, non-face
113, 255, 239, 255, non-face
81, 217, 160, 255, non-face
18, 182, 81, 255, non-face
113, 255, 255, 231, non-face
188, 72, 75, 115, non-face
255, 135, 255, 208, non-face
122, 179, 113, 185, non-face
160, 125, 188, 46, non-face
110, 122, 110, 156, non-face
132, 163, 141, 197, non-face
91, 151, 34, 185, non-face
154, 69, 107, 139, non-face
119, 119, 85, 121, non-face
107, 188, 210, 17, non-face
75, 188, 116, 255, non-face
12, 141, 40, 255, non-face
37, 151, 53, 255, non-face
125, 59, 34, 208, non-face
255, 44, 141, 69, non-face
141, 255, 255, 231, non-face
170, 56, 28, 46, non-face
255, 141, 255, 231, non-face
72, 188, 132, 220, non-face
163, 85, 85, 156, non-face
163, 176, 50, 255, non-face
170, 53, 129, 0, non-face
66, 119, 154, 23, non-face
163, 69, 151, 0, non-face
198, 9, 91, 0, non-face
107, 251, 255, 243, non-face
185, 88, 97, 202, non-face
157, 135, 170, 40, non-face
138, 195, 122, 69, non-face
97, 81, 56, 121, non-face
144, 88, 97, 127, non-face
157, 53, 59, 104, non-face
163, 6, 50, 11, non-face
151, 28, 37, 0, non-face
255, 0, 113, 0, non-face
53, 138, 97, 208, non-face
69, 166, 138, 144, non-face
40, 239, 179, 98, non-face
12, 255, 170, 255, non-face
25, 255, 185, 255, non-face
50, 255, 220, 255, non-face
132, 170, 94, 98, non-face
188, 179, 223, 86, non-face
229, 144, 242, 0, non-face
163, 135, 214, 28, non-face
217, 56, 151, 28, non-face
188, 94, 192, 0, non-face
170, 91, 129, 75, non-face
217, 56, 144, 23, non-face
204, 103, 182, 5, non-face
182, 94, 166, 28, non-face
122, 182, 113, 127, non-face
144, 179, 176, 104, non-face
113, 170, 210, 110, non-face
154, 170, 163, 208, non-face
62, 147, 56, 249, non-face
141, 62, 47, 92, non-face
245, 91, 141, 86, non-face
91, 66, 110, 150, non-face
69, 163, 91, 226, non-face
28, 157, 119, 127, non-face
135, 176, 192, 150, non-face
147, 91, 122, 191, non-face
251, 72, 151, 0, non-face
201, 141, 226, 185, non-face
122, 173, 223, 208, non-face
59, 179, 160, 162, non-face
154, 132, 125, 162, non-face
185, 69, 94, 104, non-face
110, 122, 157, 179, non-face
157, 163, 125, 40, non-face
125, 69, 125, 40, non-face
166, 66, 147, 81, non-face
188, 59, 119, 110, non-face
56, 100, 88, 28, non-face
53, 163, 91, 226, non-face
0, 188, 103, 214, non-face
66, 110, 97, 185, non-face
185, 72, 91, 185, non-face
0, 116, 22, 75, non-face
75, 147, 141, 185, non-face
50, 141, 119, 115, non-face
103, 75, 144, 75, non-face
100, 122, 110, 127, non-face
217, 50, 22, 57, non-face
182, 103, 97, 139, non-face
201, 116, 100, 115, non-face
188, 125, 122, 191, non-face
66, 129, 122, 173, non-face
151, 72, 75, 57, non-face
37, 129, 59, 243, non-face
78, 173, 75, 173, non-face
59, 125, 163, 121, non-face
188, 132, 214, 28, non-face
176, 135, 170, 28, non-face
107, 94, 62, 173, non-face
53, 103, 37, 92, non-face
85, 173, 103, 81, non-face
94, 210, 173, 121, non-face
138, 110, 151, 11, non-face
147, 132, 122, 57, non-face
138, 125, 147, 86, non-face
141, 78, 110, 81, non-face
185, 129, 116, 52, non-face
94, 144, 97, 75, non-face
195, 40, 160, 69, non-face
6, 166, 116, 156, non-face
85, 0, 22, 0, non-face
28, 44, 15, 34, non-face
37, 69, 0, 243, non-face
88, 0, 9, 34, non-face
157, 0, 12, 0, non-face
176, 176, 182, 40, non-face
0, 204, 66, 173, non-face
56, 255, 198, 255, non-face
56, 255, 198, 255, non-face
210, 31, 62, 173, non-face
56, 166, 198, 249, non-face
100, 182, 198, 197, non-face
151, 138, 166, 220, non-face
107, 113, 135, 208, non-face
28, 119, 31, 214, non-face
110, 170, 75, 220, non-face
0, 81, 0, 226, non-face
15, 25, 47, 23, non-face
185, 22, 81, 0, non-face
255, 66, 116, 5, non-face
232, 122, 129, 92, non-face
0, 154, 85, 34, non-face
0, 91, 94, 185, non-face
28, 110, 223, 121, non-face
141, 151, 185, 46, non-face
122, 75, 0, 104, non-face
129, 176, 31, 255, non-face
144, 107, 204, 127, non-face
223, 75, 232, 57, non-face
229, 113, 226, 208, non-face
176, 9, 53, 139, non-face
207, 91, 44, 197, non-face
85, 255, 223, 255, non-face
50, 226, 132, 208, non-face
198, 47, 125, 156, non-face
31, 251, 195, 255, non-face
28, 103, 81, 92, non-face
18, 176, 25, 220, non-face
163, 255, 255, 231, non-face
214, 56, 47, 40, non-face
255, 113, 239, 214, non-face
122, 100, 12, 150, non-face
12, 166, 53, 255, non-face
255, 62, 173, 0, non-face
53, 251, 170, 255, non-face
69, 251, 173, 237, non-face
138, 135, 40, 231, non-face
154, 147, 72, 202, non-face
242, 85, 132, 98, non-face
248, 6, 88, 52, non-face
198, 31, 66, 0, non-face
170, 88, 69, 0, non-face
173, 62, 59, 231, non-face
217, 47, 107, 40, non-face
217, 50, 147, 0, non-face
37, 248, 160, 255, non-face
132, 56, 12, 104, non-face
151, 170, 116, 63, non-face
179, 113, 116, 173, non-face
147, 94, 125, 133, non-face
53, 198, 154, 243, non-face
255, 34, 170, 0, non-face
255, 28, 135, 0, non-face
255, 28, 141, 0, non-face
255, 6, 132, 0, non-face
255, 0, 110, 0, non-face
34, 232, 144, 255, non-face
188, 34, 37, 40, non-face
179, 94, 25, 208, non-face
188, 81, 163, 52, non-face
204, 50, 44, 179, non-face
182, 56, 47, 191, non-face
0, 170, 37, 255, non-face
31, 255, 144, 255, non-face
47, 255, 223, 255, non-face
103, 110, 129, 220, non-face
132, 56, 144, 57, non-face
6, 239, 122, 255, non-face
50, 6, 6, 5, non-face
116, 182, 173, 249, non-face
154, 182, 157, 34, non-face
110, 122, 138, 40, non-face
94, 78, 170, 133, non-face
154, 91, 166, 69, non-face
239, 22, 173, 5, non-face
37, 113, 132, 46, non-face
119, 135, 91, 127, non-face
214, 157, 223, 0, non-face
0, 239, 125, 255, non-face
141, 220, 179, 179, non-face
0, 220, 85, 202, non-face
125, 166, 147, 5, non-face
119, 154, 163, 23, non-face
170, 176, 125, 110, non-face
97, 160, 59, 179, non-face
255, 47, 207, 0, non-face
255, 0, 72, 0, non-face
94, 56, 100, 75, non-face
0, 242, 132, 231, non-face
0, 239, 119, 255, non-face
251, 0, 91, 0, non-face
103, 129, 125, 46, non-face
125, 125, 195, 69, non-face
204, 0, 50, 0, non-face
179, 85, 59, 23, non-face
107, 81, 3, 133, non-face
91, 75, 66, 81, non-face
72, 154, 236, 110, non-face
245, 12, 91, 115, non-face
198, 113, 141, 92, non-face
0, 214, 59, 255, non-face
44, 229, 182, 237, non-face
62, 255, 245, 243, non-face
6, 248, 204, 255, non-face
214, 91, 232, 23, non-face
251, 0, 85, 0, non-face
129, 88, 144, 104, non-face
3, 239, 78, 231, non-face
151, 75, 232, 115, non-face
195, 0, 6, 0, non-face
129, 192, 141, 173, non-face
100, 214, 119, 255, non-face
138, 122, 138, 5, non-face
119, 135, 226, 191, non-face
132, 56, 147, 0, non-face
44, 163, 66, 243, non-face
3, 255, 163, 243, non-face
163, 135, 248, 86, non-face
236, 44, 160, 57, non-face
18, 251, 144, 214, non-face
31, 173, 116, 249, non-face
56, 236, 97, 255, non-face
0, 220, 66, 255, non-face
50, 248, 166, 249, non-face
182, 78, 188, 46, non-face
248, 40, 44, 63, non-face
147, 110, 179, 75, non-face
3, 223, 69, 220, non-face
119, 182, 176, 191, non-face
195, 0, 18, 0, non-face
103, 166, 94, 185, non-face
100, 141, 110, 255, non-face
56, 157, 37, 179, non-face
0, 255, 151, 255, non-face
251, 113, 170, 86, non-face
0, 255, 157, 255, non-face
0, 255, 141, 255, non-face
94, 251, 239, 255, non-face
66, 255, 198, 255, non-face
25, 255, 192, 255, non-face
6, 255, 170, 255, non-face
125, 72, 214, 127, non-face
220, 66, 132, 110, non-face
255, 0, 119, 0, non-face
255, 173, 255, 28, non-face
255, 255, 255, 255, non-face
195, 116, 44, 110, non-face
113, 72, 151, 104, non-face
50, 223, 72, 191, non-face
34, 210, 176, 202, non-face
255, 40, 198, 92, non-face
122, 94, 50, 162, non-face
31, 248, 182, 110, non-face
3, 179, 81, 220, non-face
88, 229, 236, 57, non-face
248, 72, 157, 46, non-face
255, 255, 255, 255, non-face
173, 75, 170, 0, non-face
229, 81, 78, 104, non-face
56, 251, 151, 255, non-face
107, 251, 195, 231, non-face
110, 138, 223, 185, non-face
204, 72, 204, 98, non-face
251, 18, 116, 63, non-face
255, 3, 97, 28, non-face
154, 188, 66, 173, non-face
188, 85, 166, 98, non-face
255, 255, 255, 255, non-face
107, 151, 88, 86, non-face
37, 207, 141, 214, non-face
81, 160, 154, 202, non-face
223, 0, 34, 0, non-face
157, 56, 47, 0, non-face
141, 170, 207, 104, non-face
116, 132, 122, 173, non-face
34, 248, 176, 208, non-face
69, 0, 0, 0, non-face
166, 6, 59, 0, non-face
255, 116, 201, 0, non-face
201, 236, 255, 92, non-face
3, 251, 132, 255, non-face
12, 232, 144, 255, non-face
6, 229, 119, 255, non-face
251, 204, 255, 144, non-face
6, 239, 147, 255, non-face
0, 232, 119, 255, non-face
18, 245, 138, 255, non-face
75, 226, 160, 255, non-face
0, 204, 69, 255, non-face
0, 255, 157, 255, non-face
113, 151, 113, 255, non-face
91, 56, 192, 139, non-face
151, 207, 220, 110, non-face
255, 255, 255, 255, non-face
97, 255, 201, 249, non-face
0, 125, 6, 255, non-face
255, 255, 255, 255, non-face
255, 255, 255, 255, non-face
3, 135, 28, 220, non-face
0, 195, 34, 226, non-face
12, 154, 40, 255, non-face
47, 66, 3, 197, non-face
226, 81, 113, 98, non-face
34, 255, 229, 255, non-face
75, 255, 236, 255, non-face
34, 255, 182, 255, non-face
44, 229, 157, 255, non-face
0, 245, 100, 255, non-face
81, 229, 179, 255, non-face
0, 245, 88, 255, non-face
78, 255, 198, 162, non-face
255, 78, 232, 98, non-face
119, 255, 182, 255, non-face
188, 154, 255, 0, non-face
28, 255, 154, 255, non-face
62, 255, 214, 255, non-face
12, 239, 141, 255, non-face
6, 255, 141, 255, non-face
18, 255, 179, 255, non-face
9, 255, 166, 255, non-face
22, 255, 217, 255, non-face
34, 255, 229, 255, non-face
81, 255, 198, 255, non-face
44, 255, 188, 255, non-face
81, 255, 204, 255, non-face
9, 248, 166, 243, non-face
78, 251, 207, 255, non-face
50, 248, 195, 255, non-face
56, 255, 166, 255, non-face
6, 255, 195, 255, non-face
78, 141, 220, 237, non-face
239, 0, 103, 52, non-face
226, 85, 66, 231, non-face
141, 59, 91, 162, non-face
255, 103, 113, 220, non-face
185, 210, 141, 133, non-face
15, 248, 210, 133, non-face
81, 201, 248, 69, non-face
66, 236, 192, 255, non-face
163, 132, 255, 0, non-face
232, 91, 217, 0, non-face
232, 103, 141, 127, non-face
151, 81, 62, 214, non-face
3, 176, 53, 255, non-face
0, 210, 91, 197, non-face
50, 144, 72, 185, non-face
0, 198, 78, 255, non-face
163, 182, 214, 69, non-face
78, 217, 239, 63, non-face
25, 245, 157, 255, non-face
163, 144, 248, 11, non-face
255, 154, 242, 0, non-face
255, 141, 236, 0, non-face
255, 81, 198, 11, non-face
226, 154, 132, 127, non-face
198, 160, 198, 40, non-face
255, 78, 122, 173, non-face
116, 157, 113, 220, non-face
47, 223, 154, 139, non-face
62, 255, 141, 255, non-face
78, 157, 129, 191, non-face
255, 255, 255, 255, non-face
204, 59, 56, 156, non-face
75, 204, 138, 156, non-face
72, 151, 129, 92, non-face
204, 116, 94, 150, non-face
154, 110, 154, 28, non-face
210, 50, 66, 46, non-face
251, 72, 170, 46, non-face
119, 195, 192, 133, non-face
147, 66, 72, 69, non-face
107, 50, 53, 81, non-face
220, 147, 116, 98, non-face
185, 72, 59, 115, non-face
201, 170, 232, 17, non-face
125, 97, 195, 5, non-face
214, 72, 113, 28, non-face
226, 0, 100, 0, non-face
113, 163, 204, 11, non-face
0, 110, 0, 249, non-face
100, 144, 195, 127, non-face
113, 232, 141, 150, non-face
100, 110, 163, 86, non-face
113, 173, 69, 121, non-face
226, 47, 107, 52, non-face
173, 170, 195, 127, non-face
198, 75, 185, 0, non-face
210, 0, 62, 5, non-face
201, 85, 113, 17, non-face
217, 28, 47, 46, non-face
113, 119, 47, 127, non-face
28, 107, 138, 197, non-face
53, 110, 110, 28, non-face
15, 138, 47, 243, non-face
0, 56, 0, 179, non-face
195, 129, 154, 226, non-face
18, 179, 107, 92, non-face
72, 119, 214, 17, non-face
132, 78, 40, 0, non-face
135, 37, 6, 202, non-face
116, 34, 94, 150, non-face
129, 88, 144, 34, non-face
34, 217, 100, 144, non-face
103, 157, 151, 144, non-face
0, 210, 97, 220, non-face
12, 147, 28, 208, non-face
85, 179, 31, 243, non-face
182, 107, 179, 81, non-face
154, 72, 56, 162, non-face
12, 132, 129, 144, non-face
37, 207, 141, 156, non-face
56, 242, 170, 231, non-face
34, 223, 195, 255, non-face
15, 242, 163, 255, non-face
18, 214, 113, 255, non-face
15, 166, 122, 255, non-face
97, 185, 116, 255, non-face
47, 242, 188, 243, non-face
6, 217, 116, 249, non-face
12, 125, 6, 255, non-face
201, 50, 69, 127, non-face
56, 113, 170, 52, non-face
100, 147, 198, 57, non-face
135, 119, 122, 75, non-face
135, 144, 176, 162, non-face
116, 185, 113, 226, non-face
3, 53, 6, 237, non-face
94, 113, 97, 40, non-face
9, 248, 182, 162, non-face
141, 91, 62, 208, non-face
119, 116, 88, 168, non-face
122, 226, 129, 191, non-face
3, 251, 141, 255, non-face
3, 207, 135, 168, non-face
72, 195, 135, 191, non-face
166, 113, 157, 156, non-face
192, 125, 163, 127, non-face
151, 135, 166, 156, non-face
160, 110, 154, 179, non-face
113, 242, 207, 243, non-face
195, 113, 144, 127, non-face
132, 144, 88, 243, non-face
170, 37, 85, 28, non-face
91, 135, 147, 63, non-face
226, 85, 179, 11, non-face
217, 28, 85, 63, non-face
220, 9, 110, 0, non-face
242, 78, 166, 0, non-face
135, 207, 220, 81, non-face
72, 210, 157, 162, non-face
78, 125, 147, 156, non-face
28, 195, 135, 179, non-face
91, 214, 173, 255, non-face
113, 217, 160, 243, non-face
144, 176, 170, 226, non-face
141, 179, 192, 179, non-face
147, 103, 160, 115, non-face
100, 122, 129, 150, non-face
122, 138, 141, 110, non-face
192, 138, 198, 133, non-face
157, 122, 201, 92, non-face
122, 113, 135, 197, non-face
147, 75, 116, 179, non-face
12, 223, 147, 63, non-face
47, 157, 122, 179, non-face
22, 207, 97, 249, non-face
6, 207, 138, 202, non-face
6, 255, 163, 202, non-face
6, 239, 170, 191, non-face
47, 185, 192, 220, non-face
40, 157, 113, 133, non-face
56, 170, 100, 243, non-face
129, 125, 59, 144, non-face
255, 255, 255, 255, non-face
132, 179, 179, 127, non-face
195, 138, 229, 92, non-face
135, 125, 129, 220, non-face
185, 119, 138, 92, non-face
144, 132, 185, 63, non-face
166, 138, 154, 139, non-face
88, 129, 144, 191, non-face
141, 132, 119, 191, non-face
141, 147, 119, 185, non-face
226, 44, 135, 104, non-face
59, 207, 138, 57, non-face
129, 59, 62, 23, non-face
88, 192, 116, 191, non-face
116, 147, 132, 179, non-face
34, 113, 154, 185, non-face
9, 232, 113, 237, non-face
47, 166, 94, 191, non-face
53, 147, 113, 173, non-face
116, 163, 163, 40, non-face
166, 97, 147, 231, non-face
132, 192, 198, 127, non-face
31, 210, 141, 86, non-face
255, 18, 195, 23, non-face
255, 75, 182, 23, non-face
173, 192, 204, 63, non-face
18, 220, 195, 98, non-face
226, 198, 207, 40, non-face
176, 166, 217, 28, non-face
239, 132, 214, 63, non-face
220, 141, 129, 57, non-face
22, 179, 166, 127, non-face
135, 103, 204, 57, non-face
176, 122, 236, 69, non-face
75, 239, 185, 156, non-face
182, 173, 107, 185, non-face
113, 192, 72, 249, non-face
81, 166, 116, 173, non-face
50, 239, 119, 197, non-face
75, 217, 129, 237, non-face
91, 125, 129, 92, non-face
141, 28, 132, 52, non-face
157, 34, 66, 75, non-face
69, 119, 47, 168, non-face
119, 198, 116, 69, non-face
144, 141, 56, 231, non-face
179, 25, 66, 92, non-face
116, 132, 129, 226, non-face
40, 170, 116, 46, non-face
12, 195, 119, 237, non-face
50, 135, 18, 185, non-face
50, 144, 37, 168, non-face
78, 157, 100, 150, non-face
166, 151, 173, 133, non-face
103, 198, 160, 57, non-face
147, 151, 135, 191, non-face
147, 141, 242, 11, non-face
226, 151, 248, 0, non-face
248, 88, 210, 17, non-face
217, 160, 170, 168, non-face
44, 166, 132, 179, non-face
75, 210, 176, 173, non-face
12, 232, 151, 231, non-face
59, 179, 69, 249, non-face
47, 198, 129, 226, non-face
62, 144, 28, 255, non-face
69, 166, 75, 214, non-face
72, 129, 141, 226, non-face
85, 163, 125, 237, non-face
154, 72, 50, 69, non-face
132, 12, 34, 75, non-face
113, 135, 62, 168, non-face
188, 50, 138, 40, non-face
44, 220, 160, 156, non-face
185, 78, 107, 144, non-face
78, 154, 37, 237, non-face
157, 135, 53, 185, non-face
198, 110, 56, 255, non-face
75, 138, 66, 255, non-face
192, 110, 25, 255, non-face
97, 210, 122, 255, non-face
195, 138, 182, 121, non-face
185, 88, 132, 34, non-face
239, 188, 204, 86, non-face
141, 176, 173, 52, non-face
144, 179, 188, 144, non-face
113, 201, 100, 220, non-face
138, 251, 229, 243, non-face
182, 122, 188, 139, non-face
195, 125, 107, 162, non-face
94, 18, 31, 11, non-face
78, 113, 110, 156, non-face
40, 201, 103, 57, non-face
195, 44, 47, 115, non-face
22, 173, 119, 92, non-face
12, 245, 160, 191, non-face
85, 232, 154, 231, non-face
141, 72, 72, 81, non-face
179, 163, 154, 17, non-face
81, 210, 144, 249, non-face
116, 239, 223, 249, non-face
255, 176, 163, 220, non-face
239, 72, 163, 162, non-face
236, 113, 239, 11, non-face
217, 103, 62, 255, non-face
185, 201, 236, 34, non-face
119, 182, 157, 121, non-face
217, 81, 129, 121, non-face
245, 88, 173, 104, non-face
132, 229, 173, 156, non-face
223, 0, 91, 0, non-face
15, 100, 44, 168, non-face
53, 66, 59, 121, non-face
12, 94, 44, 139, non-face
12, 141, 66, 220, non-face
18, 245, 170, 255, non-face
12, 255, 170, 255, non-face
255, 3, 125, 52, non-face
220, 50, 170, 0, non-face
113, 56, 170, 86, non-face
198, 129, 151, 115, non-face
255, 135, 195, 40, non-face
182, 94, 179, 46, non-face
72, 179, 94, 202, non-face
122, 144, 66, 121, non-face
226, 163, 188, 168, non-face
72, 195, 217, 179, non-face
173, 129, 232, 86, non-face
220, 207, 185, 75, non-face
185, 88, 239, 92, non-face
56, 210, 157, 139, non-face
91, 129, 110, 0, non-face
97, 69, 56, 185, non-face
100, 37, 53, 69, non-face
0, 192, 97, 208, non-face
25, 223, 185, 156, non-face
0, 147, 50, 231, non-face
160, 75, 179, 92, non-face
25, 179, 18, 185, non-face
3, 248, 160, 255, non-face
226, 0, 66, 28, non-face
0, 163, 94, 69, non-face
72, 0, 9, 5, non-face
242, 179, 154, 69, non-face
151, 3, 18, 0, non-face
151, 129, 100, 0, non-face
75, 78, 116, 0, non-face
110, 78, 15, 110, non-face
44, 37, 129, 0, non-face
214, 6, 66, 0, non-face
18, 239, 132, 255, non-face
147, 34, 144, 133, non-face
195, 0, 66, 0, non-face
182, 251, 192, 121, non-face
179, 144, 210, 11, non-face
85, 3, 103, 0, non-face
97, 204, 255, 255, non-face
85, 18, 113, 0, non-face
144, 91, 40, 57, non-face
56, 44, 103, 0, non-face
210, 25, 97, 17, non-face
3, 255, 160, 255, non-face
0, 47, 34, 0, non-face
163, 125, 147, 115, non-face
141, 0, 28, 0, non-face
163, 47, 151, 0, non-face
3, 255, 144, 144, non-face
91, 3, 81, 115, non-face
255, 25, 163, 0, non-face
255, 255, 255, 255, non-face
50, 255, 236, 208, non-face
255, 28, 170, 81, non-face
25, 255, 157, 255, non-face
12, 214, 125, 231, non-face
0, 15, 3, 0, non-face
226, 62, 176, 0, non-face
182, 0, 56, 0, non-face
160, 6, 113, 0, non-face
255, 255, 255, 255, non-face
0, 37, 0, 127, non-face
255, 75, 232, 0, non-face
255, 255, 255, 255, non-face
255, 255, 255, 255, non-face
255, 125, 207, 5, non-face
220, 69, 170, 0, non-face
255, 255, 255, 255, non-face
255, 255, 255, 255, non-face
3, 50, 81, 0, non-face
255, 12, 138, 0, non-face
0, 132, 122, 75, non-face
40, 185, 116, 237, non-face
88, 75, 170, 0, non-face
226, 0, 66, 0, non-face
91, 85, 138, 0, non-face
34, 255, 201, 255, non-face
151, 91, 129, 34, non-face
9, 242, 138, 197, non-face
255, 255, 255, 255, non-face
255, 255, 255, 255, non-face
0, 132, 28, 23, non-face
217, 69, 78, 144, non-face
255, 255, 255, 255, non-face
255, 255, 255, 255, non-face
255, 255, 255, 255, non-face
0, 248, 138, 121, non-face
40, 248, 157, 255, non-face
173, 248, 251, 202, non-face
50, 192, 59, 208, non-face
18, 217, 138, 185, non-face
113, 69, 201, 0, non-face
182, 88, 132, 98, non-face
129, 129, 107, 0, non-face
188, 75, 141, 5, non-face
72, 0, 56, 69, non-face
255, 255, 255, 255, non-face
255, 255, 255, 255, non-face
44, 248, 182, 255, non-face
62, 201, 56, 156, non-face
255, 255, 255, 255, non-face
255, 255, 255, 255, non-face
0, 44, 0, 0, non-face
255, 116, 210, 0, non-face
255, 255, 255, 255, non-face
255, 255, 255, 255, non-face
255, 255, 255, 255, non-face
0, 198, 97, 92, non-face
160, 66, 185, 63, non-face
255, 103, 188, 0, non-face
255, 163, 255, 255, non-face
37, 0, 0, 0, non-face
69, 179, 31, 243, non-face
72, 179, 201, 110, non-face
223, 0, 66, 0, non-face
15, 198, 85, 92, non-face
125, 179, 201, 127, non-face
188, 0, 31, 46, non-face
255, 255, 255, 255, non-face
255, 255, 255, 255, non-face
15, 188, 56, 220, non-face
119, 62, 28, 69, non-face
255, 255, 255, 255, non-face
255, 255, 255, 255, non-face
255, 255, 255, 255, non-face
255, 255, 255, 255, non-face
255, 255, 255, 255, non-face
255, 255, 255, 255, non-face
255, 255, 255, 255, non-face
0, 0, 0, 0, non-face
163, 0, 3, 0, non-face
37, 81, 9, 46, non-face
220, 6, 132, 23, non-face
255, 255, 255, 255, non-face
255, 255, 255, 255, non-face
255, 255, 255, 255, non-face
255, 255, 255, 255, non-face
154, 0, 44, 0, non-face
154, 0, 12, 0, non-face
255, 255, 255, 255, non-face
0, 229, 78, 226, non-face
135, 122, 94, 5, non-face
255, 28, 173, 86, non-face
53, 251, 163, 144, non-face
9, 255, 170, 255, non-face
6, 245, 166, 255, non-face
62, 245, 214, 249, non-face
147, 12, 25, 23, non-face
18, 255, 195, 255, non-face
37, 94, 37, 110, non-face
129, 242, 192, 115, non-face
15, 251, 188, 255, non-face
62, 255, 207, 255, non-face
255, 103, 239, 133, non-face
122, 88, 28, 86, non-face
173, 255, 245, 197, non-face
69, 223, 107, 255, non-face
255, 15, 125, 0, non-face
255, 94, 232, 144, non-face
6, 255, 163, 255, non-face
125, 141, 144, 162, non-face
163, 22, 78, 17, non-face
34, 37, 0, 40, non-face
100, 59, 113, 57, non-face
69, 47, 37, 98, non-face
135, 138, 100, 40, non-face
97, 229, 236, 208, non-face
210, 3, 40, 0, non-face
154, 188, 163, 202, non-face
154, 132, 157, 69, non-face
3, 251, 157, 255, non-face
0, 40, 12, 34, non-face
18, 255, 151, 255, non-face
6, 251, 160, 255, non-face
160, 0, 0, 0, non-face
107, 129, 135, 133, non-face
47, 56, 6, 0, non-face
40, 248, 192, 255, non-face
154, 22, 50, 40, non-face
223, 0, 72, 63, non-face
220, 0, 81, 17, non-face
22, 255, 192, 255, non-face
255, 255, 255, 255, non-face
81, 195, 210, 115, non-face
210, 50, 119, 0, non-face
107, 56, 113, 46, non-face
12, 100, 12, 17, non-face
251, 6, 110, 98, non-face
91, 100, 144, 139, non-face
116, 166, 173, 127, non-face
125, 154, 31, 144, non-face
0, 135, 3, 92, non-face
0, 245, 141, 255, non-face
3, 251, 147, 255, non-face
255, 72, 204, 179, non-face
185, 85, 157, 86, non-face
179, 170, 170, 202, non-face
163, 166, 116, 127, non-face
138, 255, 232, 202, non-face
160, 40, 44, 86, non-face
147, 53, 0, 185, non-face
119, 12, 53, 63, non-face
12, 53, 12, 139, non-face
6, 255, 157, 255, non-face
34, 144, 170, 156, non-face
0, 53, 0, 202, non-face
3, 103, 0, 214, non-face
0, 129, 75, 144, non-face
201, 78, 119, 220, non-face
119, 116, 88, 156, non-face
3, 47, 44, 150, non-face
34, 44, 69, 144, non-face
22, 255, 226, 255, non-face
81, 245, 195, 255, non-face
3, 251, 160, 255, non-face
232, 192, 147, 255, non-face
37, 100, 31, 243, non-face
141, 147, 135, 127, non-face
56, 179, 91, 144, non-face
47, 255, 192, 255, non-face
147, 154, 220, 214, non-face
245, 141, 255, 0, non-face
163, 94, 163, 0, non-face
192, 78, 179, 0, non-face
147, 66, 179, 11, non-face
